-- MySQL dump 10.13  Distrib 8.0.44, for Linux (x86_64)
--
-- Host: localhost    Database: mensa
-- ------------------------------------------------------
-- Server version	8.0.44-0ubuntu0.22.04.1

/*!40101 SET @OLD_CHARACTER_SET_CLIENT=@@CHARACTER_SET_CLIENT */;
/*!40101 SET @OLD_CHARACTER_SET_RESULTS=@@CHARACTER_SET_RESULTS */;
/*!40101 SET @OLD_COLLATION_CONNECTION=@@COLLATION_CONNECTION */;
/*!50503 SET NAMES utf8mb3 */;
/*!40103 SET @OLD_TIME_ZONE=@@TIME_ZONE */;
/*!40103 SET TIME_ZONE='+00:00' */;
/*!40014 SET @OLD_UNIQUE_CHECKS=@@UNIQUE_CHECKS, UNIQUE_CHECKS=0 */;
/*!40014 SET @OLD_FOREIGN_KEY_CHECKS=@@FOREIGN_KEY_CHECKS, FOREIGN_KEY_CHECKS=0 */;
/*!40101 SET @OLD_SQL_MODE=@@SQL_MODE, SQL_MODE='NO_AUTO_VALUE_ON_ZERO' */;
/*!40111 SET @OLD_SQL_NOTES=@@SQL_NOTES, SQL_NOTES=0 */;

--
-- Table structure for table `abstimmung`
--

DROP TABLE IF EXISTS `abstimmung`;
/*!40101 SET @saved_cs_client     = @@character_set_client */;
/*!50503 SET character_set_client = utf8mb4 */;
CREATE TABLE `abstimmung` (
  `abstimmungs_nr` int NOT NULL AUTO_INCREMENT,
  `speise_nr` int NOT NULL,
  PRIMARY KEY (`abstimmungs_nr`)
) ENGINE=InnoDB AUTO_INCREMENT=63807 DEFAULT CHARSET=utf8mb4 COLLATE=utf8mb4_general_ci;
/*!40101 SET character_set_client = @saved_cs_client */;

--
-- Dumping data for table `abstimmung`
--

LOCK TABLES `abstimmung` WRITE;
/*!40000 ALTER TABLE `abstimmung` DISABLE KEYS */;
INSERT INTO `abstimmung` VALUES (63496,462),(63497,114),(63498,508),(63499,530),(63500,169),(63501,622),(63502,114),(63503,537),(63504,530),(63505,169),(63506,462),(63507,114),(63508,537),(63509,530),(63510,623),(63511,440),(63512,433),(63513,297),(63514,530),(63515,440),(63516,114),(63517,537),(63518,329),(63519,169),(63520,622),(63521,433),(63522,508),(63523,530),(63524,169),(63525,622),(63526,114),(63527,537),(63528,530),(63529,169),(63530,440),(63531,114),(63532,297),(63533,530),(63534,623),(63535,622),(63536,433),(63537,508),(63538,329),(63539,623),(63540,622),(63541,433),(63542,537),(63543,329),(63544,172),(63545,622),(63546,433),(63547,508),(63548,539),(63549,169),(63550,440),(63551,114),(63552,297),(63553,530),(63554,169),(63555,622),(63556,433),(63557,508),(63558,329),(63559,172),(63560,622),(63561,433),(63562,537),(63563,530),(63564,169),(63565,622),(63566,114),(63567,537),(63568,329),(63569,169),(63570,440),(63571,534),(63572,297),(63573,329),(63574,623),(63575,622),(63576,114),(63577,297),(63578,530),(63579,169),(63580,118),(63581,362),(63582,462),(63583,114),(63584,508),(63585,530),(63586,172),(63587,462),(63588,114),(63589,537),(63590,539),(63591,623),(63592,440),(63593,114),(63594,537),(63595,329),(63596,623),(63597,462),(63598,433),(63599,297),(63600,539),(63601,623),(63602,622),(63603,433),(63604,508),(63605,329),(63606,623),(63607,622),(63608,433),(63609,537),(63610,329),(63611,623),(63612,462),(63613,433),(63614,297),(63615,539),(63616,462),(63617,534),(63618,508),(63619,530),(63620,172),(63621,118),(63622,362),(63623,622),(63624,433),(63625,508),(63626,329),(63627,172),(63628,622),(63629,433),(63630,537),(63631,329),(63632,169),(63633,440),(63634,114),(63635,537),(63636,329),(63637,169),(63638,118),(63639,362),(63640,462),(63641,114),(63642,508),(63643,530),(63644,622),(63645,433),(63646,508),(63647,539),(63648,440),(63649,114),(63650,508),(63651,530),(63652,169),(63653,462),(63654,433),(63655,297),(63656,539),(63657,172),(63658,440),(63659,114),(63660,537),(63661,329),(63662,623),(63663,622),(63664,114),(63665,508),(63666,530),(63667,169),(63668,462),(63669,114),(63670,508),(63671,530),(63672,462),(63673,114),(63674,537),(63675,530),(63676,623),(63677,462),(63678,534),(63679,297),(63680,329),(63681,172),(63682,118),(63683,462),(63684,114),(63685,537),(63686,329),(63687,169),(63688,622),(63689,114),(63690,508),(63691,530),(63692,623),(63693,440),(63694,433),(63695,508),(63696,530),(63697,623),(63698,433),(63699,537),(63700,530),(63701,169),(63702,118),(63703,362),(63704,622),(63705,534),(63706,537),(63707,530),(63708,623),(63709,462),(63710,534),(63711,537),(63712,539),(63713,172),(63714,440),(63715,537),(63716,530),(63717,172),(63718,440),(63719,114),(63720,508),(63721,530),(63722,169),(63723,440),(63724,433),(63725,537),(63726,329),(63727,172),(63728,462),(63729,433),(63730,508),(63731,539),(63732,169),(63733,440),(63734,114),(63735,297),(63736,530),(63737,169),(63738,622),(63739,433),(63740,537),(63741,329),(63742,172),(63743,433),(63744,508),(63745,329),(63746,623),(63747,462),(63748,534),(63749,537),(63750,329),(63751,172),(63752,362),(63753,622),(63754,114),(63755,537),(63756,530),(63757,172),(63758,462),(63759,433),(63760,537),(63761,539),(63762,623),(63763,622),(63764,433),(63765,537),(63766,329),(63767,623),(63768,440),(63769,114),(63770,297),(63771,530),(63772,169),(63773,462),(63774,433),(63775,508),(63776,539),(63777,623),(63778,462),(63779,114),(63780,508),(63781,329),(63782,623),(63783,462),(63784,114),(63785,537),(63786,329),(63787,172),(63788,440),(63789,114),(63790,508),(63791,530),(63792,169),(63793,622),(63794,114),(63795,537),(63796,530),(63797,169),(63798,622),(63799,433),(63800,508),(63801,530),(63802,623),(63803,114),(63804,537),(63805,530),(63806,169);
/*!40000 ALTER TABLE `abstimmung` ENABLE KEYS */;
UNLOCK TABLES;

--
-- Table structure for table `admins`
--

DROP TABLE IF EXISTS `admins`;
/*!40101 SET @saved_cs_client     = @@character_set_client */;
/*!50503 SET character_set_client = utf8mb4 */;
CREATE TABLE `admins` (
  `name` varchar(255) COLLATE utf8mb4_general_ci NOT NULL,
  `passwort` varchar(255) COLLATE utf8mb4_general_ci NOT NULL,
  PRIMARY KEY (`name`)
) ENGINE=InnoDB DEFAULT CHARSET=utf8mb4 COLLATE=utf8mb4_general_ci;
/*!40101 SET character_set_client = @saved_cs_client */;

--
-- Dumping data for table `admins`
--

LOCK TABLES `admins` WRITE;
/*!40000 ALTER TABLE `admins` DISABLE KEYS */;
INSERT INTO `admins` VALUES ('Administrator','IT1234maki'),('Kueche','IT12345maki');
/*!40000 ALTER TABLE `admins` ENABLE KEYS */;
UNLOCK TABLES;

--
-- Table structure for table `beilagen`
--

DROP TABLE IF EXISTS `beilagen`;
/*!40101 SET @saved_cs_client     = @@character_set_client */;
/*!50503 SET character_set_client = utf8mb4 */;
CREATE TABLE `beilagen` (
  `beilage_name` varchar(255) NOT NULL,
  `beilage_art` varchar(255) NOT NULL,
  `beilage_nr` int NOT NULL AUTO_INCREMENT,
  PRIMARY KEY (`beilage_nr`)
) ENGINE=InnoDB AUTO_INCREMENT=31 DEFAULT CHARSET=utf8mb3;
/*!40101 SET character_set_client = @saved_cs_client */;

--
-- Dumping data for table `beilagen`
--

LOCK TABLES `beilagen` WRITE;
/*!40000 ALTER TABLE `beilagen` DISABLE KEYS */;
INSERT INTO `beilagen` VALUES ('Kartoffeln','Kartoffel',1),('Salzkartoffeln','Kartoffel',2),('Petersilienkartoffel','Kartoffel',3),('Schupfnudeln','Nudeln',4),('Gnocchi','Nudeln',5),('Couscous','Reis',6),('Reis','Reis',7),('Semmelknödel','Knödel',8),('Böhmische Knödel','Knödel',9),('Kräuterkartoffel','Kartoffel',10),('Schwenkkartoffel','Kartoffel',11),('Bratkartoffel','Kartoffel',12),('Kartoffelstampf','Kartoffel',13),('Kartoffelpüree','Kartoffel',14),('Rahmkartoffel','Kartoffel',15),('Rosmarinkartoffel','Kartoffel',16),('Klöße','Kartoffel',17),('Kartoffelecken','Kartoffel',18),('Kartoffelrösti','Kartoffel',19),('Kartoffelgratin','Kartoffel',20),('Kroketten','Kartoffel',21),('Spätzle','Nudeln',22),('Pasta/Nudeln','Nudeln',23),('Basmatireis','Reis',24),('Kräuterreis','Reis',25),('Tomatenreis','Reis',26),('Gemüsereis','Reis',27),('Risi bisi','Reis',28),('Curkumareis','Reis',29),('Risotto','Reis',30);
/*!40000 ALTER TABLE `beilagen` ENABLE KEYS */;
UNLOCK TABLES;

--
-- Table structure for table `ergebnis_umfrage`
--

DROP TABLE IF EXISTS `ergebnis_umfrage`;
/*!40101 SET @saved_cs_client     = @@character_set_client */;
/*!50503 SET character_set_client = utf8mb4 */;
CREATE TABLE `ergebnis_umfrage` (
  `wunschspeise_nr` int NOT NULL DEFAULT '0',
  `wunschspeise_art` varchar(255) CHARACTER SET utf8mb4 COLLATE utf8mb4_unicode_ci NOT NULL,
  `wunschspeise_kategorie` varchar(255) CHARACTER SET utf8mb4 COLLATE utf8mb4_unicode_ci NOT NULL,
  `wunschspeise_name` varchar(255) CHARACTER SET utf8mb4 COLLATE utf8mb4_unicode_ci NOT NULL,
  `wunschspeise_anzahl` int NOT NULL
) ENGINE=InnoDB DEFAULT CHARSET=utf8mb3;
/*!40101 SET character_set_client = @saved_cs_client */;

--
-- Dumping data for table `ergebnis_umfrage`
--

LOCK TABLES `ergebnis_umfrage` WRITE;
/*!40000 ALTER TABLE `ergebnis_umfrage` DISABLE KEYS */;
INSERT INTO `ergebnis_umfrage` VALUES (98,'Vollkost','Fleisch','Bauernfrühstück  mit Bratkartoffel',17),(99,'Vollkost','Fleisch','Bauerntopf ( mit Paprika, Hackfleisch und Kartoffeln) mit Reis',5),(100,'Vollkost','Fleisch','Sauerbraten mit Salzkartoffeln',2),(101,'Vollkost','Fleisch','Rinderrouladen mit Klöße',64),(102,'Vollkost','Fleisch','Schweineschnitzel oder Hähnchenschnitzel mit Pommes frites mit Salzkartoffeln',18),(103,'Vollkost','Fleisch','Lasagne mit Pasta/Nudeln',8),(104,'Vollkost','Fisch','Lachs-Spinat-Gratin mit Bandnudeln mit Pasta/Nudeln',6),(105,'Vollkost','Fleisch','Schnitzel mit Rosmarinkartoffel',4),(106,'Vegetarisch','-','Spinat, Ei mit Kartoffeln',11),(107,'Vollkost','Fleisch','Kartoffelsalat und Wiener mit Salzkartoffeln',0),(108,'Vollkost','Fleisch','Sauerbraten  mit Klöße',1),(109,'Vegetarisch','-','Gebackener Blumenkohl mit Sauce Tartar mit Salzkartoffeln',13),(110,'Vegetarisch','-','Linsencurry mit Basmatireis',38),(111,'Vollkost','Fleisch','Meatballs mit Toamatensauce mit Pasta/Nudeln',1),(112,'Vollkost','Fleisch','Schachlik mit Paprika-Zwiebel-Tomatenragout mit Reis',0),(113,'Vollkost','Fleisch','Schweinerückensteak mit Schinken und Tomaten überbacken an Senfsauce mit Kroketten',1),(114,'Vegetarisch','Süßes','Dampfnudeln mit Vanillesauce mit Pasta/Nudeln',3),(115,'Vollkost','Fleisch','Putengeschnetzeltes süß-sauer mit Basmatireis',4),(116,'Vollkost','Fisch','Fisch mit Kräuterkruste mit Rosmarinkartoffel',1),(117,'Vegetarisch','Fleisch',' mit Semmelknödel',2),(118,'Vollkost','Fisch','Kabeljau in Senfsauce mit Brokkoli mit Risotto',3),(119,'Vollkost','Fisch','Fischstäbchen mit Rahmspinat mit Kartoffelpüree',2),(120,'Vollkost','Fleisch','Lasagne mit Bolognese und Bechamel mit Pasta/Nudeln',1),(121,'Vollkost','Fisch','Süßkartoffelecken (-Fritten) mit Lachs und Quark mit Kartoffelecken',7),(122,'Vegetarisch','-','Tomate-Feta-Zwiebel Auflauf mit Dinkelnudeln mit Pasta/Nudeln',13),(123,'Vollkost','Fleisch',' mit Kroketten',0),(124,'Vollkost','Fleisch','Kaninchenbraten mit Klöße',14),(125,'Vollkost','Fleisch','Lendenbraten mit Böhmische',103),(126,'Vollkost','Fleisch','Gefüllter Gänsebraten mit Klöße',0),(127,'Vollkost','Fleisch','Kassler mit Klöße',0),(128,'Vollkost','Fleisch','Kassler mit Klöße',0),(129,'Vollkost','Fleisch','Kassler mit Klöße',0),(130,'Vollkost','Fleisch','Mache Eier !  mit Kartoffelecken',0),(131,'Vollkost','Fleisch','Rinderroulade Sächsische Art mit Klöße',37),(132,'Vollkost','Fleisch','Gänse oder Entenbrust / Keule mit Rotkohl mit Klöße',1),(133,'Vollkost','Fleisch','Jägerschnitzel mit Kartoffelstampf',0),(134,'Vegetarisch','-','Kartoffelrösti mit Rahmchampignons und Salatbeilage mit Kartoffelrösti',37),(135,'Vegetarisch','-','Vegetarisches Schnitzel oder vegetarische Köttbullar mit Kartoffelpüree und Mischgemüse mit Kartoffelpüree',0),(136,'Vegetarisch','-','Vegetarisches Schnitzel oder vegetarische Köttbullar mit Kartoffelpüree und Mischgemüse mit Kartoffelpüree',0),(137,'Vollkost','Fleisch','Gänse oder Entenbrust / Keule mit Rotkohl mit Klöße',0),(138,'Vegetarisch','-','Vegetarisches Schnitzel oder vegetarische Köttbullar mit Kartoffelpüree und Mischgemüse mit Kartoffelpüree',0),(139,'Vegetarisch','-','Käsespätzle mit Röstzwiebeln mit Spätzle',25),(140,'Vegetarisch','-','Vegetarischer Gulasch mit Rotkraut mit Semmelknödel',1),(141,'Vegetarisch','-','vegetarische Cevapcici mit Paprika-Rahm-Soße mit Schupfnudeln',7),(142,'Vegetarisch','-','Nudelauflauf mit Spinat, Feta, Tomaten mit Pasta/Nudeln',7),(143,'Vegetarisch','-','Blumenkohl mit Sauce Hollandaise mit Rosmarinkartoffel',49),(144,'Vollkost','Fleisch','Schnitzel auf Rahmchampignons mit Bratkartoffel',43),(145,'Vollkost','Fleisch','Hähnchenburger mit Kartoffelecken',14),(146,'Vollkost','Fleisch','Maggi Nudeln  mit Pasta/Nudeln',1),(147,'Vollkost','Fleisch','szegediner gulasch mit Klöße',0),(148,'Vollkost','Fleisch','PAGPAG mit Reis',668),(149,'Vollkost','Fleisch','Geflügelleber mit Kartoffelstampf',2),(150,'Vollkost','Fleisch','Blauflossenthunfisch mit Matsutake Pilzen, dazu Fugu mit einem Hauch Safran mit Reis',420),(151,'Vollkost','Fleisch','Kassler mit Klöße',4),(152,'Vollkost','Fleisch','200g Waygo Kobe-Rind auf grünem Blattsalat  mit Reis',422),(153,'Vollkost','Fleisch','Moussaka mit Kartoffeln',3),(154,'Vegetarisch','-','Gänseblümchen mit Reis',673),(155,'Vegetarisch','-','Rührei mit Gurkensalat mit Salzkartoffeln',3),(156,'Vollkost','Fleisch','Ein Haus aus Schweinskopfsülze mit Bratkartoffel',334),(157,'Vegetarisch','-','Basilikumpesto mit italienischem Hartkäse, Pinienkernen, Olivenöl, Knoblauch mit Pasta/Nudeln',5),(158,'Vegetarisch','-','Risotti, alle Arten, mit italienischem Hartkäse und mit Reis',2),(159,'Vollkost','Fleisch','Burger mit Kroketten',0),(160,'Vollkost','Fleisch','Geflügelleber mit geröstetem Apfel-Zwiebel-Gemüse mit Kartoffelstampf',2),(161,'Vollkost','Fisch','Lachs mit Ratatouille mit Basmatireis',1),(162,'Vollkost','Fleisch',' mit Kartoffeln',0),(163,'Vollkost','Fleisch','Spareribs und Weißkrautsalat mit Bratkartoffel',104),(164,'Vollkost','Fleisch','Spinat-Kichererbsenpfanne mit Rinderfiletstreifen mit Rosmarinkartoffel',0),(165,'Vollkost','Fleisch','Spinat-Kichererbsenpfanne mit Rinderfiletstreifen mit Rosmarinkartoffel',1),(166,'Vollkost','Fleisch',' mit Semmelknödel',0),(167,'Vegetarisch','-','Eier in Senfsoße mit Salzkartoffeln',0),(168,'Vegetarisch','-','Eier in Senfsoße mit Salzkartoffeln',0),(169,'Vegetarisch','-','Eier in Senfsoße mit Salzkartoffeln',0),(170,'Vegetarisch','-','Eier in Senfsoße mit Salzkartoffeln',0),(171,'Vollkost','Fleisch',' Cuy Chactado mit Rosmarinkartoffel',1),(172,'Vollkost','-','Freitags keine Suppen und kein Milchreis mit Kartoffelecken',20);
/*!40000 ALTER TABLE `ergebnis_umfrage` ENABLE KEYS */;
UNLOCK TABLES;

--
-- Table structure for table `nachrichten`
--

DROP TABLE IF EXISTS `nachrichten`;
/*!40101 SET @saved_cs_client     = @@character_set_client */;
/*!50503 SET character_set_client = utf8mb4 */;
CREATE TABLE `nachrichten` (
  `nachrichten_nr` int NOT NULL AUTO_INCREMENT,
  `absender` varchar(255) COLLATE utf8mb4_general_ci NOT NULL,
  `thema` varchar(255) COLLATE utf8mb4_general_ci NOT NULL,
  `nachricht` varchar(255) COLLATE utf8mb4_general_ci NOT NULL,
  `datum` date NOT NULL,
  PRIMARY KEY (`nachrichten_nr`)
) ENGINE=InnoDB AUTO_INCREMENT=276 DEFAULT CHARSET=utf8mb4 COLLATE=utf8mb4_general_ci;
/*!40101 SET character_set_client = @saved_cs_client */;

--
-- Dumping data for table `nachrichten`
--

LOCK TABLES `nachrichten` WRITE;
/*!40000 ALTER TABLE `nachrichten` DISABLE KEYS */;
INSERT INTO `nachrichten` VALUES (273,'Heinrich','Sonstiges','Liebes Küchenteam, ich möchte mich für das hervorragende Essen bedanken. Besonders die Entenkeule a l\'orange mit Apfelrotkohl und Klößen war ein voller Erfolg und hat mir sehr gut geschmeckt.','2025-12-17'),(274,'','Feedback','Schön das es wieder 3 Essen gibt:))','2026-01-06'),(275,'Winkler','Sonstiges',':)','2026-01-06');
/*!40000 ALTER TABLE `nachrichten` ENABLE KEYS */;
UNLOCK TABLES;

--
-- Table structure for table `speisen`
--

DROP TABLE IF EXISTS `speisen`;
/*!40101 SET @saved_cs_client     = @@character_set_client */;
/*!50503 SET character_set_client = utf8mb4 */;
CREATE TABLE `speisen` (
  `speise_nr` int NOT NULL AUTO_INCREMENT,
  `speise_name` varchar(255) CHARACTER SET utf8mb4 COLLATE utf8mb4_general_ci NOT NULL,
  `speise_art` varchar(255) CHARACTER SET utf8mb4 COLLATE utf8mb4_general_ci NOT NULL,
  PRIMARY KEY (`speise_nr`),
  UNIQUE KEY `speise_name` (`speise_name`)
) ENGINE=InnoDB AUTO_INCREMENT=624 DEFAULT CHARSET=utf8mb4 COLLATE=utf8mb4_general_ci;
/*!40101 SET character_set_client = @saved_cs_client */;

--
-- Dumping data for table `speisen`
--

LOCK TABLES `speisen` WRITE;
/*!40000 ALTER TABLE `speisen` DISABLE KEYS */;
INSERT INTO `speisen` VALUES (89,'Spirelli mit Wurstgulasch, Reibekäse(1,2,9,13,26,29) kcal 816/ EW 32g/ Fett 41g/ KH 81g ','Vollkost'),(90,'Rahmgeschnetzeltes mit Brokkoli und Kartoffelrösti(13,26) kcal 734/ EW 36g/ Fett 45g/ KH 49g ','Vollkost'),(91,'Schlemmerfilet Bordelaise mit Rahmgemüse und Risi Bisi(13,22,23,26,29) kcal 807/ EW 35g/ Fett 33g/ KH 95g ','Vollkost'),(92,'Kasslerbraten mit Rosenkohl und Kartoffelklößen(1,2,13,28,29) kcal 647/ EW 23g/ Fett 33g/ KH 68g ','Vollkost'),(93,'Soljanka mit Schmand und Zitronenecke(1,2,7,9,13,26,29,31) kcal 700/ EW 18g/ Fett 63g/ KH 19g','Vollkost'),(94,'Bratwurst, Gemüse, Kartoffelstampf(1,2,3,13,26,29) kcal878/ EW 27g/ Fett 68g/ KH 42g ','Vollkost'),(95,'Schnitzel mit Mischgemüse und Kartoffeln(1,2,13,22) kcal 813/ EW51g/ Fett 38g/ KH 72g ','Vollkost'),(96,'Makkaroni mit Schinkenstreifen und Brokkolifrischkäsesauce, Reibekäse(1,2,13,22,26) kcal 859/ EW 33g/ Fett 45g/ KH 83g 	','Vollkost'),(97,'Schweinegulasch mit grünen Bohnen und Spätzle(13,22,26) kcal 940/ EW 35g/ Fett 56g/ KH 78g ','Vollkost'),(98,'Backfisch mit Remouladensauce und Kartoffel-Gurkensalat(1,7,13,22,23,26,29,31) kcal 881/ EW 32g/ Fett 57g/ KH 62g ','Vollkost'),(99,'Hackbraten mit Mischgemüse und Kartoffel(13,22,28,29) kcal 734/ EW 32g/ Fett 30g/ KH 67g ','Vollkost'),(100,'pikanter Kesselgulasch, Brot/Brötchen(13,28,29) kcal 546/ EW 25g/ Fett 31g/ KH 45g ','Vollkost'),(101,'Frikadelle, Mischgemüse, Kartoffelstampf(13,22,26,29) kcal 867/ EW 38g/ Fett 53g/ KH 63g ','Vollkost'),(102,'Hähnchenschenkel, Gemüse, Reis(13,28) kcal 806/ EW 41g/ Fett 36g/ KH 82g ','Vollkost'),(103,'Nuss-Brokkolischnitte mit Rahmkartoffeln und Salat(1,2,3,13,26,42) kcal628/ EW 12g/ Fett 36g/ KH 64g ','Vegetarisch'),(104,'Kartoffel-Gemüsepfanne mit Balkankäse und Kräutersauce(13,26) kcal 375/ EW 10g/ Fett 20g/ KH41g ','Vegetarisch'),(105,'Semmelknödel mit Waldpilzrahm und Salat(13,22,26,31) kcal 555/ EW 19g/ Fett 27g/ KH 61g ','Vegetarisch'),(106,'Curry mit roten Linsen, Kartoffeln, Gemüse und Kokosmilch(13,26,28) kcal 392/ EW 16g/ Fett 17g/ KH 51g ','Vegetarisch'),(107,'Quarkkeulchen mit Apfelmus und Zimtzucker(13,22,26) kcal 875/ EW 13g/ Fett 49g/ KH 97g ','Vegetarisch'),(108,'2 Eier in Senfsauce mit Buttermöhren und Kartoffeln(13,22,26,29) kcal 590/ EW 21g/ Fett 32g/ KH 57g ','Vegetarisch'),(109,'Vegetarische Frühlingsrolle auf Wokgemüse und Sesamreis(13,22,25,30) kcal 702/ EW 18g/ Fett 27g/ KH 100g ','Vegetarisch'),(110,'Kohlroulade vegetarisch gefüllt auf Schmorkohlsauce und Petersilienkartoffeln(13,22,25,28) kcal 422/ EW 24g/ Fett 8g/ KH 66g ','Vegetarisch'),(111,'Gemüselasagne mit Tomatensauce(13,22,26) kcal 492/ EW 13g/ Fett 23g/ KH 58g ','Vegetarisch'),(112,'Milchreis mit Sauerkirschen, Zimtzucker und flüssiger Butter(13,26) kcal 513/ EW 16g/ Fett 19g/ KH 70g ','Vegetarisch'),(113,'Pasta mit Sauce Carbonara und Reibekäse(1,2,9,13,22,26)  kcal 995/ EW 43g/ Fett 57g/ KH 80g','Vollkost'),(114,'Bratwurst auf Sauerkraut und Kartoffelstampf(1,2,3,9,13,26,29) kcal 878/ EW 27g/ Fett 68g/ KH 42g','Vollkost'),(115,'Heringsfilet Matjes Art mit Hausfrauen Sauce und Petersilienkartoffeln(1,2,7,23,26,31) kcal 631/ EW 26g/ Fett 41g/ KH 40g','Vollkost'),(116,'Koenigsberger Klopse mit Kaisergemüse und Reis(1,2,13,22,26,31) kcal 867( EW 24g/ Fett 48g/ KH 88g','Vollkost'),(117,'Chili con carne mit Fladenbrot(1,2,13,22,28) kcal 545/ EW 27g/ Fett 29g/ KH 45g','Vollkost'),(118,'Nudeln mit Tomatensauce und Reibekäse(13,22,26,28,31) kcal 719/ EW 21g/ Fett 29g/ KH 45g','Vollkost'),(119,'Rinderbraten, Bohnen und Kloeße(1,2,13,29,31) kcal 691/ EW 35g/ Fett 37g/ KH 60g','Vollkost'),(120,'Kartoffeltaschen mit Frischkäse gefüllt auf Ratatouille, Salat( 1,2,13,22,26,31) kcal 495/ EW 10g/ Fett 28g/ KH 52g','Vegetarisch'),(121,'Spätzle mit Käsesauce, Röstzwiebeln und Salat ( 13,22,26,31)  kcal 775/ EW 25g/ Fett 36g/ KH 88g','Vegetarisch'),(123,'Vegetarisch gefüllte Paprikaschote auf Letschogemüse und Kräuterreis(1,2,13,26) kcal 598/ EW 18g/ Fett 24g/ KH 79g','Vegetarisch'),(124,'Kräuterquark mit Kartoffeln, Gewürzgurke,Butter oder Leinöl(1,2,7,26,29,31) kcal 574/ EW 22g/ Fett 35g/ KH 42g','Vegetarisch'),(125,'gefüllte Germknödel mit Vanillesauce(1,2,4,13,22,26) kcal 592/ EW 17g/ Fett 5g/ KH 117g','Vegetarisch'),(126,'Pasta mit Hähnchenbrust, Kirschtomaten,Rucola,Tomatensauce und Reibekäse(1,2,13,22,26) kcal 791/ EW 35g/ Fett 35g/ KH86g','Vollkost'),(128,'Sächsische Kartoffelsuppe mit Bockwurst(1,2,9,28,29) kcal 413/ EW 17g/ Fett 30g/ KH 20g','Vollkost'),(129,'Rührei mit Rahmspinat und Kartoffelstampf(13,22,26) kcal 568/ EW 23g/ Fett 36g/ KH 39g','Vegetarisch'),(131,'vegetarische Kartoffelsuppe mit fleischlosem Würstchen(22,28) kcal 338/ EW 15g/ Fett 22g/ KH 21g','Vegetarisch'),(134,'Blumenkohl-Käsemedaillon mit Möhrengemüse und Risi Bisi(13,22,26) kcal 576/ EW 14g/ Fett 26g/ KH 74','Vegetarisch'),(135,'Penne mit Sauce Bolognaise und Reibekäse(13,22,26,28) kcal 966/ EW 40g/ Fett 54g/ KH 82g','Vollkost'),(136,'Szegediner Gulasch mit böhmischen Knödeln(13,28,29,31) kcal 675/ EW 31g/ Fett 42g/ KH 47g','Vollkost'),(137,'gebratenes Fischfilet, Zitronen-Buttersauce,Brokkoli, Kartoffelstampf mit Kräutern(1,2,13,22,23,26) kcal 875/ EW 41g/ Fett 53g/ KH 60g','Vollkost'),(138,'Hähnchen Cordon Bleu mit Kaisergemüse und Risi Bisi (1,2,9,13,22,26,28) kcal 881/ EW 38g/ Fett 26g/ KH 86g','Vollkost'),(139,'Linseneintopf süß,sauer mit Bockwurst (1,2,9,28,29,31) kcal 557/ EW 31g/ Fett 26g/ KH 55g','Vollkost'),(142,'Schweinebraten, Gemüse und Kartoffeln(13,28,29) kcal 804/ EW 34g/ Fett 47g/ KH 66g','Vollkost'),(143,'Omelette mit Rahmchampignons, Erbsen und Kartoffeln( 1,2,13,22,26) kcal 614/ EW 27g/ Fett 25g/ KH 75g','Vegetarisch'),(144,'Backcamembert mit Preiselbeeren, Kartoffelecken, bunter Salat(1,13,22,26,31) kcal 848/ EW 30g/ Fett 47g/ KH 78g','Vegetarisch'),(146,'Gnocchi mit mediterranem Gemüse und Parmesan(13,26) kcal 493/ EW 14g/ Fett 26g/ KH 53g','Vegetarisch'),(147,'Nudelauflauf mit Gemüse, Kräutersauce(13,22,26) kcal 733/ EW 24g/ Fett 42g/ KH 70g','Vegetarisch'),(148,'Kaiserschmarrn mit Zimtpflaumen(13,22,26) kcal 559/ EW 13g/ Fett 19g/ KH 85g','Vegetarisch'),(151,'Hähnchenschenkel auf Letschogemüse, Kräuterreis(13) kcal 632/ EW 36g/ Fett 27g/ KH 62g','Vollkost'),(152,'gebratener Fleischkäse mit Zwiebelsauce, Bayrisch Kraut und Bratkartoffeln(1,2,9,13,29,31)  kcal 811/ EW 33g/ Fett 54g/ KH 53g','Vollkost'),(154,'Hackfleischeintopf mit Käse und Lauch(13,26)  kcal 504/ EW 26g/ Fett 36g/ KH 21g','Vollkost'),(155,'Currywurst, pikante Sauce, Wedges(1,2,9,13,29,31)                               kcal 775/ EW 26g/ Fett 54g/ KH 48g','Vollkost'),(156,'Kasslerbraten, Gemüse und Klöße(1,2,13,28,29) kcal 647/ EW 23g/ Fett 33g/ KH 68g','Vollkost'),(157,'Gyros mit Zaziki, Krautsalat und Tomatenreis(1,2,13,22,26)kcal 765/ EW 31g/ Fett 42g/ KH 63g','Vegetarisch'),(158,'Schupfnudelpfanne mit Gemüse und Pilzen, Schnittlauchrahm(13,22,26)  kcal 676/ EW 17g/ Fett 40g/ KH 72g','Vegetarisch'),(160,'Tortelloni mit vegetarischer Bolognese, Reibekäse (13,22,26) kcal 849/ EW 36g/ Fett 27g/ KH 117g','Vegetarisch'),(161,'American Pancake mit Heidelbeeren und Ahornsirup(1,2,13,22,26) kcal 672/ EW 15g/ Fett 18g/ KH 111g','Vegetarisch'),(163,'HEIMFAHRT','Vollkost'),(164,'HF','Vegetarisch'),(165,'Vegetarisches Angebot nach Anmeldung/ Absprache','Vegetarisch'),(166,'Seelachsfilet in Eihülle mit Balkangemüse und Kartoffelpüree(13,22,23,26) kcal 704/ EW 43g/ Fett 31g/ KH 67g','Vollkost'),(167,'Kartoffelpizza mit Tomate und Mozzarell, Salat (13,22,26,31) kcal 653/ EW 14g/ Fett 43g/ KH 52g','Vegetarisch'),(168,'Schweinebraten mit Bratensoße, buntem Gemüse und Klößen(13,26,28,29) kcal 776/ EW 28g/ Fett 42g/ KH 75g','Vollkost'),(169,'Brühnudeln mit Gemüse und Hühnchenfleisch (13,22,28) kcal 336/ EW 25g/ Fett 5g/ KH 50g','Vollkost'),(170,'Tortelloni mit Tomatensoße und Reibekäse(1,2,13,22,26) kcal 649/ EW 32g/ Fett 38g/ KH 58g                                                                                                                        ','Vollkost'),(171,'Paella mit Gemüse und Pilzen, Paprikasoße(13) kcal 585/ EW 15g/ Fett 24g/ KH 85g','Vegetarisch'),(172,'Milchgries mit Erdbeeren, Zimtzucker und flüssiger Butter(13,26) kcal 488/ EW 12g/ Fett 21g/ KH 62g','Vegetarisch'),(174,'Backcamembert mit Preiselbeeren, Kartoffelecken,Kräuterdip,bunter Salat kcal 988/ EW 33g/ Fett 29g/ KH 83g','Vegetarisch'),(175,'Kartoffelauflauf mit Gemüse, Kräutersauce(13,22,26) kcal 417/ EW 17g/ Fett 26g/ KH 31g','Vegetarisch'),(176,'Eierfrikassee mit Gemüse, Petersilienkartoffeln(13,22,26,29) kcal 348/ EW 18g/ Fett 13g/ KH 40g','Vegetarisch'),(178,'Gulasch Försterin Art mit Champignons, Speck und Kräutern, dazu böhmische Knödel(13,28,29) kcal 586/ EW 27g/ Fett 33g/ KH 48g','Vollkost'),(180,'Fischfilet mit Tomate und Mozzarella überbacken auf Ratatouille und Ebly Zartweizen(13,23,26) kcal 593/ EW 22g/ Fett 46g/ KH 50g','Vollkost'),(181,'BBQ-Büffet mit Bratwurst, Steaks, Ofenkartoffeln, Saucen und Dips','Vollkost'),(182,'vegetarisches BBQ mit Maiskolben, Käse, Salat und Dips','Vegetarisch'),(183,'vegetarisches Gyros mit Zaziki,Krautsalat und Tomatenreis(1,2,13,22,26) kcal 765/ EW 31g/ Fett 42g/ KH 63g','Vegetarisch'),(185,'Putensteak \"Hawaii\" mit Romanesco und Kurkumareis(1,2,13,26)                                                         kcal 903/ EW 49g/ Fett 44g/ KH 81g','Vollkost'),(186,'Hähnchenschenkel auf Letschogemüse mit Käutercouscous(13) kcal 705/ EW 45g/ Fett 34g/ KH 57g','Vollkost'),(188,'Hamburger mit Burgersauce, Zwiebeln, Tomaten, Salat und Kartoffelecken(13,22,29)','Vollkost'),(195,'Bayrischer Schweinebraten auf Sauerkraut und Kartoffelknödel(13,28,29)kcal 809/ EW 37g/ Fett 46g/ KH 63g','Vollkost'),(196,'Semmelknödel mit Rahmschwammerl und Salat (13,22,26,31) kcal 555/ EW 19g/ Fett 27g/ KH 61g','Vegetarisch'),(197,'Pasta mit Schinkenstreifen und Brokkolifrischkäsesauce,Reibekäse (1,2,13,22,26) kcal 859/ EW 33g/ Fett 45g/ KH 83g','Vollkost'),(198,'Merlanfilet paniert, Remuladensauce und Kartoffel-Gurkensalat(1,7,13,22,23,26,29,31) kcal 881/ EW 32g/ Fett 57g/ KH 62g','Vollkost'),(199,'Kasslerbraten mit Rosenkohl und Kartoffeln(1,2,13,28,29) kcal 647/ EW 23g/ Fett 33g/ KH 68g','Vollkost'),(200,'Schweineschnitzel mit Kaisergemüse und Risi Bisi(13,22,28) kcal 993/ EW 55g/ Fett 63g/ KH 92g','Vollkost'),(201,'Tiegelwurst mit Sauerkraut und Kartoffeln(1,2,13,29,31) kcal 771/ EW 33g/ Fett 43g/ KH 67g','Vollkost'),(204,'Feiertag','Vollkost'),(205,'Gemüsefrikadelle auf Rahmkartoffeln, bunter Salat (13,22,26) kcal 567/ EW 10g/ Fett 30g/ KH 66g','Vegetarisch'),(207,'Pasta mit gebratener Salami, Sauce all´arrabbiata und Reibekäse(1,2,13,22,26,29) kcal 791/ EW 35g/ Fett 35g/ KH86g','Vollkost'),(208,'Gänsebraten mit Apfelrotkohl und Kartoffelklößen(1,2,13,28,31) kcal 822/ EW 32g/ Fett 48g/ KH 68g','Vollkost'),(209,'Schollenfilet Spinat Feta mit Remouladensauce und Kartoffel-Gurkensalat( 1,7,13,22,23,26,29,31) kcal 881/ EW 32g/ Fett 57g/  KH 67g','Vollkost'),(210,'Pasta mit gebratener Wurst, Sauce all´arrabbiata und Reibekäse(1,2,13,22,26,29) kcal 791/ EW 35g/ Fett 35g/ KH86g','Vollkost'),(212,'Schweineschnitzel mit Kaisergemüse und Petersilienkartoffel(13,22,28) kcal 813/ EW 51g/ Fett 38g/ KH 72g','Vollkost'),(213,'Rahmgeschnetzeltes mit Buttermöhren und Kroketten(13,22,26) kcal 752/ EW 32g/ Fett 46g/ KH 57g ','Vollkost'),(215,'Lachsmedaillon, Zitronensauce,bunter Reis,Brokkoli(13,23,26) kcal 873/ EW 35g/ Fett 52g/ KH 71g','Vollkost'),(217,'gedünstetes Fischfilet auf Gemüsebett mit Kräuterebly(13,23,28) kcal 505/ EW 39g/ Fett 13g/ KH 60g','Leichte Vollkost'),(218,'Seelachsfrikadelle mit Sauce Tatar und Kartoffelsalat(13,22,23,26,28,31) kcal 793/ EW 27g/ Fett 54g/ KH 51g','Vollkost'),(219,'Kräuterquark mit Kartoffeln, Kalbsleberwurst, Gewürzgurke und Leinöl(1,2,6,7,9,26,31) kcal 493/ EW 22g/ Fett 27g/ KH 41g','Leichte Vollkost'),(220,'Vollkornnudeln mit Schinkenstreifen, Blattspinat und Reibekäse(1,2,4,6,9,13,26) kcal 672 / EW 35g/ Fett 21g/ KH 93g','Leichte Vollkost'),(221,'Putengulasch mit Pariser Karotten und Kartoffeln(13) kcal 463/ EW 32g/ Fett 15g/ KH 51g','Leichte Vollkost'),(222,'Bunter Gemüseeintopf mit Rindfleisch und Kartoffelwürfel(28) kcal 209/ EW 20g/ Fett 4g/ KH 25g','Leichte Vollkost'),(240,'Jägerschnitzel mit Spirelli und Tomatensauce(1,2,9,13,22,26,28) kcal 882/ EW 31g/ Fett 50g/ KH 80g','Vollkost'),(241,'gefüllte Paprikaschote mit Petersilienkartoffeln(13,22,28) kcal 715/ EW 34g/ Fett 40g/ KH 58g','Vollkost'),(242,'Putenragout in Lorbeerrahm mit Buttermöhren und Reis(13,26) kcal 751/ EW 36g/ Fett 34g/ KH 79g','Vollkost'),(243,'Fleischspieß auf Letscho, Bratkartoffeln(1,2,13) kcal 602/ EW 29g/ Fett 34g/ KH 46G','Vollkost'),(244,'Weißkrauteintopf mit Kabanossischeiben81,2,928,29) Kcal 399/ EW 14g/ Fett 223g/ KH 37g','Vollkost'),(246,'Rindergulasch mit Brokkoli und Wildreis(13) kcal 609/ EW 39g/ Fett 25g/ KH 60g','Leichte Vollkost'),(247,'Dill-Gurkenquark mit Kartoffeln, Kalbsleberwurst, Gewürzgurke und Leinöl(1,2,6,7,9,26,29,31) kcal 493/ EW 22g/ Fett 27g/ KH 41g','Leichte Vollkost'),(248,'gebratenes Fischfilet auf Senfgemüse und Ebly( 13,23,29) kcal 677/ EW 40g/ Fett 29g/ KH 66g','Leichte Vollkost'),(249,'Nudelauflauf mit Schinkenstreifen, Käsesauce(1,2,4,13,22,26) kcal 710/ EW 42g/ Fett 33g/ KH 64g','Leichte Vollkost'),(252,'gebackener Hirtenkäse mit Dip, Salat und Foccacia(13,26,31) kcal 767/ EW 23g/ Fett 48g/ KH 63g','Vegetarisch'),(253,'überbackener Blumenkohl mit Holländischer Sauce und Kartoffeln(13,22,26,28) kcal 808/ EW 32g/ Fett 49g/ KH 63g','Vegetarisch'),(254,'Risotto mit Pilzen, Pesto und Salat(22,26,31,40) kcal 410/ EW 11g/ Fett 27g/ KH 37g','Vegetarisch'),(255,'Kartoffelsuppe leicht mit Geflügelwiener(1,2,3,6,9,28,29) kcal 257/ EW 22g/ Fett 10g/ KH 20g','Leichte Vollkost'),(256,'Fischgulasch mit Zucchini und buntenGemüsekartoffeln(13,23,28,31) kcal 327/ EW 25g/ Fett 8g/ KH 40g','Leichte Vollkost'),(258,'Gabelspaghetti mit Hähnchenstreifen und Gemüse, Tomatensauce, Reibekäse(13,22,26,31) kcal 635/ EW 22g/ Fett 26g/ KH 31g','Leichte Vollkost'),(259,'Rührei mit Kartoffelstampf und Gurkensalat( 22,26,31) kcal 380/ EW 18g/ Fett 19g/ KH 35g','Leichte Vollkost'),(269,'Thementag Griechenland','Vegetarisch'),(270,'Griechische Speise','Leichte Vollkost'),(271,'speisen Griechenland','Vollkost'),(275,'Grünkernbratling mit Gemüse der Saison und Kräutersauce(13,22,26) kcal 924/ EW 15g/ Fett 62g/ KH 82g','Vegetarisch'),(276,'Currywurst mit pikanter Sauce, Kartoffelecken und Dip(1,2,9,13,29,31) kcal 839/ EW 27g/ Fett 56g/ KH 59g','Vollkost'),(277,'Putencurry mit Basmatireis und Brokkoli(13,26) kcal 710/ EW 18g/ Fett 39g/ KH 76g','Vollkost'),(278,'Schweineschnitzel mit Kaisergemüse und Kroketten(1,2,9,13,22,26,28)                             kcal 881/ EW 38g/ Fett 44g/ KH 86g','Vollkost'),(279,'überbackenes Fischfilet mit Süßkartoffelstampf und Gurkensalat(23,26,31) kcal 481/ EW 41g/ Fett 17g/ KH 42g','Leichte Vollkost'),(280,'Rinderkochklopse in Dillsauce, Kartoffeln und Möhren (13,22) kcal 618/ EW 31g/ Fett 28g/ KH 62g','Leichte Vollkost'),(281,'Putenbrustbraten mit Kartoffeln und Romanesco () Kcal 462/ EW 48g/ Fett 10g/ KH 47g','Leichte Vollkost'),(282,'Spätzlepfanne mit Gemüse und Hähnchenfleisch, Pinienkernen und Käsesauce(1,2,4,13,22,26)kcal 829/ EW 51g/ Fett 35g/ KH 81g','Leichte Vollkost'),(283,'Brühnudeln mit Hühnerfleisch und Gemüse(12,13,22,28) kcal 372/ EW 23g/ Fett 10g/ KH 47g','Leichte Vollkost'),(284,'Kartoffelauflauf mit Gemüse, Kräutersauce(13,22,26) kcal 435/ EW 17g/ Fett 27g/ KH 31g','Vegetarisch'),(293,'Klopse mit Kapernsauce, Mischgemüse, Reis (1,2,13,22,26,31) kcal 867/ EW 24g/ Fett 48g/ KH 88g','Vollkost'),(294,'Fischfilet mit Blattspinatauflage und Kartoffelstampf (4,13,23,26) kcal 424/ EW 42g/ Fett 15g/ KH 31g','Leichte Vollkost'),(295,'Gemüseschnitzel mit Kartoffeln und Schnittlauchrahm (13,14,16,26) kcal 554/ EW 12g/ Fett 27g/ KH 65g','Vegetarisch'),(296,'Kalbsbratwurst mit Blumenkohlgemüse und Kartoffeln (1,2,9,13,29,28) kcal 476/ EW 41g/ Fett 14g/ KH 47g ','Leichte Vollkost'),(297,'Dinkelnudeln mit Lyonerstreifen, Tomaten-Basilikumsauce und Reibekäse ( 2,4,6,9,13,17,26,29,31) kcal 830/ EW 28g/ Fett 38g/ KH 95g','Leichte Vollkost'),(299,'Vegi Bowl mit Reis, rote Bohnen, Tofu, Hirtenkäse, Tomaten, Feldsalat, Nüsse, Zaziki (25,26,40,41,42,43,44,45,46,47,48) kcal 538/ EW 30g/ Fett 28g/ KH 47g','Vegetarisch'),(300,'Möhreneintopf mit Rindfleisch und Kartoffeln (28) kcal 206/ EW 19g/ Fett 4g KH 25g','Leichte Vollkost'),(301,'Schweineragout mit Selleriepüree und Brokkoli(13,26,28,29) kcal 978/ EW 40g/ Fett 64g/ KH 64g','Vollkost'),(302,'Schweinskopfsülze mit Bratkartoffeln,Gewürzgurke und Remoulade(1,2,3,7,22,23,26,29,31) kcal 966/ EW 33g/ Fett 80g/ KH 31g','Vollkost'),(304,'Rindergeschnetzeltes \" Stroganoff\" mit Polenta(1,2,7,13,26,29) kcal 585/ EW 30g/ Fett 41g/ KH 27g','Vollkost'),(305,'Mexikanischer Bohneneintopf, Brot(1,2,9,28,29) kcal 490/ EW 25g/ Fett 35g/ KH 25g','Vollkost'),(306,'Gegrilltes Fischfilet mit buntem Gemüse und Schwenkkartoffeln(13,23,26) kcal 777/ EW 40g/ Fett 43g/ KH 61g','Vollkost'),(307,'Cordon Bleu mit Mischgemüse und Kartoffeln(1,2,13,22,26,28) kcal 813/ EW 51g/ Fett 38g/ KH 72g','Vollkost'),(308,'Lachswürfel in Zucchini-Kräutersauce und buntem Gemüsereis(13,23) kcal 534/ EW 36g/ Fett 28g/ KH 48g','Leichte Vollkost'),(309,'Vollkornnudeln mit Rinderbolognese und Reibekäse(1,4,13,26) kcal 915/ EW 44g/ Fett 39g/ KH 105g','Leichte Vollkost'),(310,'gekochtes Rindfleisch in Dillsauce mit Sesamkarotten und Kartoffeln(13,30) kcal 563/EW 39g/ Fett 22g/ KH 55g','Leichte Vollkost'),(311,'Hähnchenbrust mit Mozzarella überbacken, Basilikumsauce, Couscos und Tomatensalat(13,26,31) kcal 715/ EW 48g/ Fett 32g/ KH 60g','Leichte Vollkost'),(312,'Hefeklöße mit Blaubeersauce, zerlassener Butter und Zimtzucker(13,22,26) kcal 529/ EW 10g/ Fett 10g/ KH 99g','Leichte Vollkost'),(313,'griechische Reisnudelpfanne mit Gemüse und Hirtenkäse, Tomatensauce(13,26) kcal 539/ EW 16g/ Fett 28g/ KH 59g','Vegetarisch'),(314,'gebratene Risoleekartoffeln mit Hüttenfrischkäse und Gurkensalat(26,31) kcal 468/ EW 25g/ Fett 18g/ KH 49g','Vegetarisch'),(315,'gebratene Gemüsetaler mit Salat und Quarkdip(13,22,26,28,31)kcal 407/ EW 16g/ Fett 21g/ KH 38g','Vegetarisch'),(316,'Bratnudelpfanne mit Gemüse und asiatischer Sauce(13,25,28,30) kcal 573/ EW 12g/ Fett 31g/ KH 64g','Vegetarisch'),(317,'Spinateintopf mit Eierstich und Kartoffelwürfel(22,28) kcal 286/ EW 12g/ Fett 12g/ KH 34g','Vegetarisch'),(318,'Steak au four mit Bratkartoffeln und Erbsengemüse(1,2,13,23,26,28)Kcal 959/ EW 42g/ Fett 69g/ KH 49g','Vollkost'),(319,'BBQ Rippchen mit Coleslaw und Wedges(13,26,31) kcal 971/ EW 41g/ Fett 65g/ KH 58g','Vollkost'),(320,'Burger mit Hacksteak,Tomate,Eisbergsalat Gewürzgurke,Zwiebel,Burgersauce, dazu Kartoffelecken oder Kroketten(13,22,26,28,29,31) kcal 835/ EW 30g/ Fett 38g/ KH 93g','Vollkost'),(321,'Sauerbraten mit Rotkohl und Klößen(1,2,3,13,28,31) kcal 669/ EW 39g/ Fett 29g/ KH 65g','Vollkost'),(322,'Penne Calabrese mit geriebenem Parmesan(13,22,26) kcal 719/ EW 21g/ Fett 34g/ KH 83g','Vegetarisch'),(323,'Gnocchi mit Spinat und Gorgonzolasauce(13,22,26) kcal 657/ EW 21g/ Fett 26g/ KH 86g','Vegetarisch'),(324,'überbackener Blumenkohl mit Sauce Hollandaise und Kartoffelstampf (13,22,26) kcal 835/ EW 34g/ Fett 49g/ KH 66g','Vegetarisch'),(325,'veganer Döner mit veganem Gyros, Gemüse und Saucen( 1,2,13,15,25,30,31) kcal 683/ EW 32g/ Fett 21g/ KH 94g','Vegetarisch'),(328,'Spargel mit kleinem Schnitzel, Sauce Hollandaise und Kartoffeln(1,2,13,22,26,31) kcal 797/ EW 48g/ Fett 42g/ KH 59g','Vollkost'),(329,'Rindergeschnetzeltes \"Stroganof\" mit buntem Gemüsereis(1,2,7,29,31) kcal 421/ EW 26g/ Fett 17g/ KH 43g','Leichte Vollkost'),(330,'Burrito gefüllt mit vegi Hack, Mais, Kidneybohnen und Reis, Salat, Korinderdip(13,22,25,26,31) kcal 756/ EW 23g/ Fett 29g/ KH 100g','Vegetarisch'),(331,'überbackene Kartoffeln mit Schinkenwürfeln und Salat(2,4,9,26,29,31) kcal 340/ EW 21g/ Fett 16g/ KH 29g','Leichte Vollkost'),(332,'gegrilltes Fischfilet mit Selleriestampf und Möhren-Fenchelsalat(1,23,26,28) kcal 376/ EW 36g/ Fett 7g/ KH 44g','Leichte Vollkost'),(333,'Schupfnudeln mit Wirsingrahm, Reibekäse(4,13,22,26) kcal 569/ EW 21g/ Fett 26g/ KH 64g','Leichte Vollkost'),(335,'Gnocchi mit mediterranem Gemüse und Reibekäse(13,26)                                                                   kcal 493/ EW 14g/ Fett 26g/ KH 53g','Vegetarisch'),(336,'Hähnchenschenkel mit Paprikarahmsauce,Gemüse und Kräutercouscous(13,26) kcal 705/ EW 45g/ Fett 34g/ KH 57g','Vollkost'),(337,'Geflügelbratwurst mit Blumenkohlgemüse und Kartoffeln(1,2,9,13,28,29)kcal 476/ EW 41g/ Fett 14g/ KH 47g','Leichte Vollkost'),(338,'Putensteak \" Hawaii\" mit Erbsengemüse und Kurkumareis(1,2,13,26) kcal 903/ EW 49g/ Fett 44g/ KH 81g','Vollkost'),(340,'American BBQ, pulled pork, Burger, Hot Dog, Spare ribs, Ofenkartoffel, Mais, Cole slaw(1,2,13,22,26,28,29,31) ','Vollkost'),(341,'Gebratene Grießschnitte mit Früchteragout(13,26)kcal 338/ EW 15g/ Fett 22g/ KH 21g','Vegetarisch'),(343,'Hühnerfrikassee mit Champignons und buntem Gemüse,Reis(13,26,28)kcal 532/EW 33g/ Fett 21g/ KH 53g','Vollkost'),(344,'Königsberger Klopse mit Kaisergemüse und Kartoffeln(1,2,13,22,23,26,31)kcal 867/ EW 24g/ Fett 48g/ KH 88g','Vollkost'),(345,'Buntes Eierfrikassee mit Gemüse und Petersilienkartoffeln (13,22,26)kcal 348/ EW 18g/ Fett 13g/ KH 40g','Leichte Vollkost'),(346,'Truthahngeschnetzeltes mit Joghurt-Dip und Gemüse-Vollkornreis(13,26)kcal 518/ EW 37g/ Fett 20g/ KH 50g','Leichte Vollkost'),(347,'Fischfilet mit Tomate und Mozzarella überbacken, Kartoffelstampf und Gurkensalat (23,26,31) kcal 451/ EW 41g / Fett 13g/ KH 42g','Leichte Vollkost'),(348,'Gnocchipfanne mit Brokkoli und Schinken, Frischkäsesauce(1,2,13,26)kcal 667/ EW 32g/ Fett 24g/ KH 84g','Leichte Vollkost'),(349,'Bunter Rübeneintopf mit Rindfleisch und Kartoffeln(28) kcal 208/ EW 19g/ Fett 4g/ KH 26g','Leichte Vollkost'),(350,'Gazpacho Andaluz mit Croûtons,  kalte Gemüsesuppe(13,28,31)kcal 213/ EW 4g/ Fett 10g/ KH 28g','Vegetarisch'),(351,'Rostbrät´l mit buntem Gemüse und Bratkartoffeln(13,26,28,29)                           kcal 776/ EW 28g/ Fett 42g/ KH 75g','Vollkost'),(352,'Nudelpfanne mit Gemüse und Schinken, Käsesauce(2,4,9,13,22,26) kcal 543/ EW 27g/ Fett 24g/ KH 56g','Leichte Vollkost'),(354,'Rührei mit Kartoffelstampf und Rote Bete(7,22,26,31) kcal 380/ EW 18g/ Fett 19g/ KH 35g','Leichte Vollkost'),(355,'gedünstetes Fischfilet mit Dillsauce und bunten Gemüsekartoffeln(13,23,28) kcal 399/ EW 34g/ Fett 10g/ KH 43g','Leichte Vollkost'),(357,'Penne mit Hähnchenstreifen und Gemüse, Tomatensauce, Reibekäse(13,22,26,31) kcal 635/ EW 22g/ Fett 26g/ KH 31g ','Leichte Vollkost'),(358,'Gemüsefrikadelle mit Currysauce,Reis und Salat( 13,22,26,28,31)kcal 346/ EW 18g/ Fett 13g/ KH 40g','Vegetarisch'),(360,'Kartoffel-Gemüsepfanne mit Balkankäse, Quark-Kräuterdip(13,26) kcal 555/ EW 10g/ Fett 20g/ KH 41g','Vegetarisch'),(362,'Schweinebraten, Bratensauce, buntes Gemüse und Kartoffeln(13,26,28,29) kcal 776/ EW 28g/ Fett 42g/ KH 75g','Vollkost'),(363,'Krautnudeln mit Jagdwurst, Knackerscheiben und Tomatensauce(9,13,26,28) kcal 880/ EW 32g/ Fett 43g/ KH 67g','Vollkost'),(364,'English Breakfast & Burger zum selber basteln','Vollkost'),(365,'Schweinerückensteak mit Würzfleisch überbacken, Erbsengemüse und Kroketten(1,2,7,13,23,26,28) kcal 919/ EW 43g/ Fett 59g/ KH 57g','Vollkost'),(368,'Blumenkohlbratling mit Currysauce, Reis, Salat(13,22,26,28,31) kcal 346/ EW 18g/ Fett 13g/ KH 40g','Vegetarisch'),(370,'Entenkeule mit Orangensauce, Rotkohl und Klößen(1,2,13,28,31)','Vollkost'),(372,'Schweinesteak \"Hawaii\" mit Erbsengemüse und Kurkumareis(1,2,13,26,28) kcal 903/ EW 49g/ Fett 44g/ KH 18g','Vollkost'),(374,'Gulasch mit Bohnengemüse und Kartoffeln(13,28)','Vollkost'),(375,'Bunter Eintopf mit Gemüse, Kartoffeln und Eierflädle(13,22,26,28) kcal 206/ EW 5g/ Fett 11g/ KH 23g','Leichte Vollkost'),(376,'Gyros mit Krautsalat, Zaziki und Tomatenreis(1,2,26,28,29,31)','Vollkost'),(377,'Pasta mit Tomaten-Zucchinisauce und Reibekäse(1,2,13,26) kcal 995/ EW 43g/ Fett 57g/ EW 80g','Vollkost'),(378,'Geschnetzeltes \"Gyros Art\" mit Bohnengemüse und Kräuterreis(1,2,13,28,29)','Vollkost'),(380,'Schweinebraten, Bratensoße, Rotkohl und Kartoffeln(13,26,28,29) kcal 776/ EW 28g/ Fett 42g/ KH 75g','Vollkost'),(381,'Gemüsecurry mit Kichererbsen, Kartoffeln und Kokosmilch(13,26,28)','Vegetarisch'),(382,'Schweineschnitzel mit Erbsen und Kroketten(1,2,9,13,22,26,28)                             kcal 881/ EW 38g/ Fett 44g/ KH 86g','Vollkost'),(383,'Bohneneintopf mit Kasslerfleisch und Kartoffeln(1,29,28,29)','Vollkost'),(384,'Bunte Gnocchi mit Erbsen,Salbeibutter und geriebenem Mpzzarella(1,2,13,22,26)','Vegetarisch'),(385,'Putenragout kreolischer Art, dazu Buttermöhren und Reis(13,26,28)','Vollkost'),(386,'Chili sin carne mit Reis(13,25)','Vegetarisch'),(387,'Sandwich subway style','Vollkost'),(388,'Sandwich Tag \"subway style\"','Vollkost'),(389,'Bauernroulade mit Rotkohl und Kartoffeln(1,2,13,22,28,29,31)','Vollkost'),(390,'Schollenfilet gebacken, Sauce Tartar und Kartoffelsalat(13,22,23,26,28,29,31)','Vollkost'),(391,'Indische Blumenkohl-Kartoffelpfanne mit gerösteten Cashewnüssen und Joghurt-Korianderdip(28,29)','Vegetarisch'),(392,'Lammbraten mit Speckbohnen und Kartoffeln(1,2,13,28)','Vollkost'),(393,'Schweinegulasch mit Möhren und Spätzle(13,22,26) kcal 940/ EW 35g/ Fett 56g/ KH 78g','Vollkost'),(395,'Gemüseragout mit Curry, Vollkornreis(13,26,29)','Vegetarisch'),(396,'Bunter Gemüseeintopf mit Eierstich, Kräutern und Kartoffeln(22,28)','Vegetarisch'),(397,'Sellerieschnitzel mit Erbsengemüse, Kartoffeln und Kräutersauce(13,22,26,28) kcal 734/ EW 22g/ Fett 34g/ KH 90g','Vegetarisch'),(398,'Bauernomelette dazu Gewürzgurke und Salat(1,2,22,26,31)','Vollkost'),(399,'\"Mai Bowl\" Feiertagsangebot für Internatsbewohner','Vollkost'),(401,'Gulaschsuppe mit Brot/Brötchen(13,28,29) kcal 546/ EW 25g/ Fett 31g/ KH 45g','Vollkost'),(402,'Rostbrätl mit Bratkartoffeln(1,2,13,28,29)','Vollkost'),(404,'mex','Vollkost'),(405,'Paniertes Rotbarschfilet mit Remouladensauce und Kartoffel-Gurkensalat(1,7,13,22,23,26,29,31)','Vollkost'),(406,'Brathering mit Kartoffel-Kräuterstampf und Gurkensalat(1,2,7,13,23,26,28,29,31)','Vollkost'),(407,'Lasagne Bolognese (1,2,13,22,26,28)','Vollkost'),(408,'Kasslerbraten mit Sauerkraut und böhmischen Knödeln(1,2,13,26,28,29)','Vollkost'),(409,'Backfisch mit Remouladensauce und pommes frites, Salat(1,2,13,22,23,26,28,29)','Vollkost'),(410,'Steak au four mit Rosmarinkartoffeln und Bohnengemüse(1,2,13,23,26,28)','Vollkost'),(412,'Ramen mit Brokkoli, Ei und Sproßen(13,22,25,28)','Vegetarisch'),(413,'Pasta mit Linsenbolognese(13,28)','Vegetarisch'),(414,'gebackener Blumenkohl mit Tartarensauce, Kartoffeln und Salat(1,2,13,22,26,28,29,31)','Vegetarisch'),(416,'Buchteln mit Vanillesauce(1,2,4,13,22,26)','Vegetarisch'),(417,'veganes Pilzragout á la Stroganoff mit Couscous(2,7,13,29,31) kcal 462/ EW 112g/ Fett 23g/ KH 54g','Vegetarisch'),(418,'Rotbarschfilet gebacken, Sauce Tartar und Kartoffelsalat(7,13,22,23,26,28,29,31)kcal 793/ EW 27g/ Fett 54g/ KH 51g','Vollkost'),(419,'Weißkrautroulade mit Schmorkohlsauce und Kartoffeln(1,2,13,22,28,29)','Vollkost'),(420,'Bratwurst mit Bohnengemüse,Kartoffelstampf(1,2,9,13,26,28,29)kcal 878/ EW 27g/ Fett 68g/ KH 42g','Vollkost'),(421,'Hackbraten mit Blumenkohl und Kartoffeln(13,22,28,29)kcal 734/ EW 32g/ Fett 30g/ KH 67g','Vollkost'),(422,'Spirelli mit gebratener Jagdwurst und Tomatensauce, Reibekäse(1,2,9,13,26,29) kcal 816/ EW 32g/ Fett 41g/  KH 81g','Vollkost'),(425,'Frikadelle auf Rahmchampignons, Kartoffelstampf(13,22,26,29)','Vollkost'),(426,'Hähnchengyros mit Zaziki und Tomatenreis(1,2,26,29)','Vollkost'),(427,'Hähnchenschnitzel mit Möhren und Risi Bisi(13,22,26,28)kcal 827/ EW 39g / F 33g/ KH 96g','Vollkost'),(429,'Gebratener Fleischkäse mit Zwiebelsauce, Bayrisch Kraut und Kartoffelpüree(1,2,9,13,26,28,29,31) kcal 811/ EW 33g/ Fett 54g/ KH 53g','Vollkost'),(431,'Rahmgeschnetzeltes mit Brokkoli und Butterreis(13,26) kcal 734/ EW 36g/ Fett 45g/ KH 49g','Vollkost'),(432,'Lammragout mit Speckbohnen und Kartoffelklößen (1,2,13,26,28,29)','Vollkost'),(433,'Hähnchencurry mit Vollkornreis und Mandelbrokkoli( 13,26,41) kcal 792/ EW 39g/ Fett 42g/ KH 68g','Leichte Vollkost'),(434,'Krautnudeln mit Hackfleisch, Reibekäse(13,26) kcal 88o/ EW 32g/ Fett 55g/ KH 67g','Vollkost'),(435,'Kabeljaufilet gebacken, Sauce Tartar und Kartoffelsalat (13,22,23,26,28,29,31)  kcal 793/ EW 27g/ Fett 54g/ KH 51g','Vollkost'),(436,'Schweinesteak mit Senfkruste, Blumenkohl, Kroketten(1,2,13,22,26,28,29)                                                         kcal 962/ EW 36g/ Fett 57g/          KH 73g','Vollkost'),(437,'Putenrahmgeschnetzeltes mit Kräutern, Erbsengemüse und Reis(13,26,28)                                                                                   kcal 720/ EW 32g/ Fett 30g/ KH 83g','Vollkost'),(438,'Eierkuchen mit Apfelmus und Zimtzucker(1,2,13,22,26)','Vegetarisch'),(440,'Pasta mit Sauce al arrabiata und Reibekäse(1,2,13,22,26)                                kcal 872/ EW 31g/ Fett 47g/ KH 84g','Vollkost'),(441,'Leberragout mit Äpfeln und Zwiebeln, dazu Buttererbsen und Kartoffelpüree(13,26,28)','Vollkost'),(442,'Geschnetzeltes \"Försterin Art\" mit Champignons Speck, dazu Bohnen und Kartoffelrösti (1,2,13,28,29)','Vollkost'),(443,'Seelachsfilet gebacken Sauce Tartar, und Kartoffelsalat (7,13,22,23,26,28,29,31) kcal 793/ EW 27g/ Fett 33g/ KH 68g','Vollkost'),(444,'Wildgulasch mit Rotkohl und Kroketten(13,28,29,31)','Vollkost'),(445,'Putenrahmgeschnetzeltes mit Kräutern, Möhrengemüse und Reis(13,26,28) kcal 720/ EW 32g/ Fett 30g/ KH 83g','Vollkost'),(446,'Kürbis-Gnocchipfanne mit Frischkäsesauce                       (1,2,3,13,22,26)  kcal 495/ EW 14g/ Fett 21g/ KH 63g','Vegetarisch'),(447,'Putenragout mit Pilzen, dazu Buttermöhren und Kurkumareis (13,22,28,29)                                kcal 734/ EW 32g/  Fett 30g/ KH 67g','Vollkost'),(448,'Kartoffel-Rosenkohlpfanne mit Walnüssen und Birne, Gorgonzolasauce(1,2,13,26,28) ','Vegetarisch'),(449,'Paella mit Gemüse und Pilzen, Sauerrahmdip(26,28,29) kcal 233/ EW 8g/ Fett 4G/ KH 44g','Vegetarisch'),(450,'Rahmgeschnetzeltes mit Möhrengemüse und Butterreis(13,26,28)                                                                                   kcal 734/ EW 36g/  Fett 45g/ KH 49g','Vollkost'),(451,'Entenkeule,Rotkohl,Kartoffeln(1,2,13,28,31)kcal 813/ EW 51g/ Fett 38g/ KH 72g','Vollkost'),(452,'Fischroulade \"Julienne\" mit Brokkoli und Kartoffelstampf (23,26,28)             kcal 370/ EW 33g/ Fett 7g/ KH 48g','Leichte Vollkost'),(453,'Putenleberragout mit Gewürzgurke, Möhrengemüse und Vollkornreis (7,29,31)        kcal 714/ EW 34g/ Fett 29g/ KH 83g','Leichte Vollkost'),(454,'gebackener Hirtenkäse mit Dip, Salat und Rosmarinkartoffeln(13,26,31)kcal 767/ EW 23g/ Fett 48g/ KH 63g','Vegetarisch'),(455,'Hähnchengyros mit Krautsalat, Zaziki und Tomatenreis(1,2,26,28,29,31) kcal 730/ EW 36g/ Fett 43g/ KH 50g','Vollkost'),(456,'Gänsekeule mit Rosenkohl und Kartoffeln(13,26,28,29)                           kcal 822/ EW 32g/ Fett 48g/ KH 68g','Vollkost'),(457,'Frikadelle mit Mischgemüse und Kartoffeln(13,22,28,29)                                kcal 734/ EW 32g/ Fett 30g/ KH 67g','Vollkost'),(458,'Blumenkohlbratling mit Currysauce, Reis, Erbsen(13,22,26,28,31) kcal 346/ EW 18g/ Fett 13g/ KH 40g','Vegetarisch'),(459,'Semmelknödel mit Waldpilzrahm (13,22,26,28,31)                                                               kcal 555/ EW 19g/ Fett 27g/ KH 61g','Vegetarisch'),(460,'Kartoffeltaschen mit Frischkäse gefüllt auf Ratatouille(1,2,13,22,26,31)                                                                               kcal 495/ EW 10g/ Fett 28g/ KH 52g','Vegetarisch'),(461,'Broccoli-Nussecke auf Mango-Kokossauce, Basmatireis und Möhrengemüse (13,22,26,28,42) kcal 756/ EW 16g/ Fett 29g/ KH 110g','Vegetarisch'),(462,'vegetarisches Geschnetzeltes Züricher Art , Brokkoli und Kartoffelrösti( 13,22,26) kcal 571/ EW 24g/ Fett 32g/ KH 50g','Vegetarisch'),(463,'Gemüsefrikadelle mit Rahmchampignons, Erbsen-Maisgemüse, Reis(13,25,26,28) kcal 900 / EW 35g/ Fett 44g/ KH 96g','Vegetarisch'),(465,'Reispfanne mit Gemüse, Champignons und Hirtenkäse, Quarkdip(26,28)','Vegetarisch'),(466,'Hirschgulasch, Rosenkohl und Spätzle(13,22,26,28,29)','Vollkost'),(467,'Erbseneintopf mit Mettenden(1,2,9,28,29)','Vollkost'),(468,'Kasslersteak mit Rosenkohl und Kartoffeln(1,2,13,28,29) kcal 647/ EW 23g/ Fett 33g/ KH 68g','Vollkost'),(470,'Krautnudeln mit gebratener Wurst, Knackerscheiben und Reibekäse(1,2,9,13,22,26,28,29)                                                            kcal 931/ EW 47g/ Fett 88g/ KH 39g','Vollkost'),(474,'Schupfnudelpfanne mit Sauerkraut und Kassler(1,2,13,22,28,29','Vollkost'),(475,'gefüllte Paprikaschote mit Letscho und Reis(13,22,28,29) kcal / EW g/ Fett g/ KH ','Vollkost'),(476,'Gemüsemaultaschen auf Rahmgemüse(1,2,13,22,26,28)','Vegetarisch'),(477,'Thainudelpfanne mit Gemüse und asiatischer Sauce(13,25,28,29,30)','Vegetarisch'),(478,'Krustenbraten mit Bayrisch Kraut und Kartoffeln(13,28,29,31)','Vollkost'),(480,'Schlemmerfilet \" Italiano\" mit Zucchinigemüse und Kartoffel-Kräuterstampf(1,2,23,26)','Vollkost'),(483,'Jackfruit Bratwurst mit Sauerkraut und Kartoffeln(1,13,25,28,29)','Vegetarisch'),(484,'Bauernfrühstück mit Gewürzgurke( 1,2,7,9,13,22,26,28,29,31)','Vollkost'),(485,'Schweineschnitzel mit Mischgemüse und Kartoffeln(13,22,28,29)','Vollkost'),(486,'Spareribs mit Krautsalat und Bratkartoffeln(1,2,9,13,25,28,29,31)','Vollkost'),(487,'Lendenbraten mit Rotkohl und böhmischen Knödeln(1,2,13,26,28,29,31)','Vollkost'),(488,'Lachs gebraten dazu Kartoffelecken und Quarkdip(1,2,13,23,26,28,29)','Vollkost'),(489,'Linsencurry mit Basmatireis(13,28,29)','Vegetarisch'),(490,'Kartoffelrösti mit Rahmchampignons und Salat(1,2,1,26,28,29,31)','Vegetarisch'),(491,'gebackener Blumenkohl mit Sauce Tartar und Kartoffeln(1,2,13,22,26,28,29)','Vegetarisch'),(492,'Auflauf mit Tomaten,Zwiebeln, Fetakäse und Dinkelnudeln(1,2,17,22,26,28)','Vegetarisch'),(493,'Rinderhacksteak mit Zwiebelsauce, Bayrisch Kraut und Kartoffelpüree(13,22,26,28,29,31) kcal 811/ EW 33g/ Fett 54g/ KH 53g','Vollkost'),(494,'Kasslerbraten mit grünen Bohnen und Kartoffeln(1,2,13,28,29) kcal 647/ EW 23g/ Fett 33g/ KH 68g','Vollkost'),(495,'Eier in Grüner Soße \"Frankfurter Art\", Kartoffeln und bunter Salat(22,26,31)','Leichte Vollkost'),(496,'Kartoffeln mit Hüttenfrischkäse und Gurkensalat(26,31) kcal 468/ EW 25g/ Fett 18g/ KH 49g','Vegetarisch'),(497,'Hähnchenschnitzel mit Sauce, Möhren und Petersilienkartoffeln (1,2,9,13,22,26,28)                             kcal 881/ EW 38g/ Fett 44g/ KH 86g','Vollkost'),(498,'Bunte Gnocchi mit Erbsen, Gorgonzolasauce(13,22,26) kcal 860/ EW 20g/ Fett 39g/KH 110g','Vegetarisch'),(499,'Nudeln mit Tomatensauce und Reibekäse(13,22,26,28,31)                                            kcal 719/ EW 21g/ Fett 34g/ KH 83g','Vegetarisch'),(501,'Burger Aktion','Vegetarisch'),(502,'Pastapfanne Saloniki mit Hackfleisch und Hirtenkäse, Tomatensauce(1,2,13,22,26,28) kcal 995/ EW 43g/ Fett 57g/ KH 80g','Vollkost'),(503,'Spargel wahlweise mit Hollandaise oder Butter, dazu Kartoffeln(1,2,13,22,26)','Vegetarisch'),(506,'Indisches Linsen-Dal mit  Naan-Brot(13,28,29) kcal 312/ EW 11g/ Fett 12g/ KH 44g','Vegetarisch'),(507,'Hähnchengulasch in Paprikarahmsauce, Balkangemüse  und  Kräutercouscous(13,26)                                                   kcal 803/ EW 39g/ Fett 41g/ KH 75g','Vollkost'),(508,'Gebackenes Flunderfilet, Zitronen-Buttersauce, Dillkartoffeln und Gurkensalat(1,2,13,22,23,26)                        kcal 736/ EW 39g/Fett 39g/ KH 58g','Vollkost'),(509,'Debrecziner Schweinegulasch mit Knackwurst und Spätzle(1,2,9,13,22,26,28,29)                                                         kcal 824/ EW 35g/ Fett 48g/          KH 66g','Vollkost'),(510,'Hähnchenschnitzel mit Kartoffel-Gurkensalat, Zitrone(1,2,13,22,26,28,29,31)                                                         kcal 534/ EW 33g/ Fett 17g/          KH 63g','Vollkost'),(511,'Buntbarsch mit Tomate und Mozzarella überbacken, dazu Zucchinigemüse und Rosmarinkartoffeln(13,23,26)                                                              kcal 536/ EW 38g/ Fett 25g/ KH 41g','Vollkost'),(512,' vegetarischer Bauerntopf mit Linsen, Saure Sahne(13,26,28,29) kcal 355/ EW 16/ Fett 10g/ KH 57g','Vegetarisch'),(513,'Bifteki mit Bohnen, Reis und Knoblauchdip(1,2,13,28,29)                                                         kcal 896/ EW 37g/ Fett 49g/ KH 81g','Vollkost'),(514,'Schweinegeschnetzeltes mit Champignons , dazu Brokkoli und Kartoffelrösti (1,2,13,26,28,29)kcal 759/ EW 28g/ Fett 49g/ KH 56g','Vollkost'),(516,'Feuerfleisch vom Schwein mit Bohnen und Reis(1,2,7,13,28,29,31)kcal 613/ EW 19g/ Fett 30g/ KH 70g','Vollkost'),(517,'Knödelpfanne mit Kasslerfleisch und Gemüse, Rahmsauce(1,2,13,26,28,29) kcal687/ EW 28g/ Fett 36g/ KH 64g','Vollkost'),(518,'Canneloni mit Spinat gefüllt, Tomatensauce( 1,2,13,22,26,28,29) kcal 546/ EW 25g/ Fett 31g/ KH 45g','Vollkost'),(519,'Hefeklöße mit Blaubeersauce, zerlassener Butter und Zimtzucker (13,22,26) kcal 529/ EW 10g/ Fett 10g/ KH 99g','Vegetarisch'),(520,'vegetarische Maultaschen auf Rahmgemüse(13,26,31)kcal 692/ EW 23g/ Fett 38g/ KH 67g','Vegetarisch'),(521,'Mie-Nudeln mit Gemüse und asiatischer Sauce (13,25,30) kcal 573/ EW 12g/ Fett 31g/ KH 64g','Vegetarisch'),(523,'Schweinesteak mit Würzfleisch überbacken, Blumenkohl, Kroketten(1,2,13,22,26,28,29)                                                         kcal 962/ EW 36g/ Fett 57g/          KH 73g','Vollkost'),(525,'Pasta mit Hähnchenfleisch, Kirschtomate, Rucola, Tomatensause und Reibekäse (1,2,13,22,26) kcal 791/ EW 35g / Fett 35g/ KH 86g','Vollkost'),(526,'Überbackene Kartoffeln','Vollkost'),(527,'Überbackene Kartoffeln mit Schinkenwürfeln und Salat (2,4,9,26,29,31) kcal340/ EW 21g / Fett 16g KH 29g','Leichte Vollkost'),(528,'Vegetarisches Geschnetzeltes Züricher Art, dazu Brokkoli und Kartoffelrösti (13,22,26) kcal 571/ EW 24g / Fett 32g KH 50g','Vegetarisch'),(530,'Currywurst mit pikanter Sauce, Kartoffelecken und Dip (1,2,9,13,29,31) kcal 839/ EW 27g / Fett 56g/ KH 59g','Vollkost'),(533,'Gegrilltes Fischfilet mit Selleriestampf und Möhren-Fenchelsalat (1,2,23,26,28) kcal 376 /EW 36g/ Fett 7g/ KH 44g','Leichte Vollkost'),(534,'Gemüsefrikadelle mit Kräutersauce, Erbsen-Maisgemüse und Reis (13,25,26,28) kcal900/ EW35g/ Fett 44g/ KH 96g','Vegetarisch'),(535,'Brathering mit Kartoffelkräuterstampf und Gurkensalat (1,2,7,13,23,28,29,31) kcal 713, EW31g/ Fett 41g/ KH 55g','Vollkost'),(536,'Schupfnudeln mit Wirsingrahm, reibekäse (4,13,22,26) kcal 569/ EW 21g/ Fett 26g/ KH 64g','Leichte Vollkost'),(537,'Rührei mit Rahmspinat und Kartoffeln (13,22,26) kcal 568/EW 23g/ Fett 36g/ KH 39g','Vegetarisch'),(538,'Rindergeschnetzeltes \"Strogonof\" mit buntem Gemüsereis (1,2,7,29,31) kcal 421/ EW 26g/ Fett 17g/ KH 43g','Leichte Vollkost'),(539,'Burrito gefüllt mit Veggi Hack, Mais, Kidneybohnen und Reis, Salat, Korianderdip (13,22,25,26,31) kcal 756/ EW 23g/ Fett 29g/ KH 100g','Vegetarisch'),(543,'Putengulasch, Möhrengemüse  und  Kartoffeln(13,26)                                                   kcal 803/ EW 39g/ Fett 41g/ KH 75g','Leichte Vollkost'),(545,'gedünstetes Fischfilet mit Dillsauce und bunten Gemüsereis(13,23,28) kcal 399/ EW 34g/ Fett 10g/ KH 43g','Leichte Vollkost'),(546,'Spätzlepfanne mit Gemüse, Hähnchenfleisch, Pinienkernen und Käsesauce(1,2,4,13,22,26)kcal 829/ EW 51g/ Fett 35g/ KH 81g','Vollkost'),(548,'Pasta mit Bolognese und Reibekäse(1,2,13,22,26)                                kcal 872/ EW 31g/ Fett 47g/ KH 84g','Leichte Vollkost'),(549,'Geflügelbratwurst mit Blumenkohlgemüse und Kartoffeln (1,2,9,13,28,29) kcal 476/ EW 41g/ Fett 14g/ KH 47g','Vollkost'),(550,'Hähnchencurry mit Vollkornreis und Mandelbrokkoli ( 13,26,41) kcal 792/ EW 39g/ Fett 42g/ KH 68g','Vollkost'),(552,'Buntbarsch mit Tomate und Mozzarella überbacken auf Ratatouille und Ebly (13,23,26)      kcal 593/ EW 22g/ Fett 46g/ KH 50g','Vollkost'),(553,'Möhreneintopf mit Rindfleisch und Kartoffeln (28)   kcal 206/ EW 19g/ Fett 4g/ KH 25g','Vollkost'),(554,'gedünstetes Fischfilet auf Gemüsebett mit Reis (13,23,28) kcal 505/ EW 39g/ Fett 13g/ KH 60g','Vollkost'),(555,'Kräuterquark mit Kartoffeln, Kalbsleberwurst, Gewürzgurke und Leinöl(1,2,6,7,9,26,29,31) kcal 493/ EW 22g/ Fett 27g/ KH 41g','Vollkost'),(556,'Putenbrustbraten mit Kartoffeln und Romanesco  Kcal 462/ EW 48g/ Fett 10g/ KH 47g','Vollkost'),(557,'Putenbrustbraten mit Kartoffeln und  Romanesco  Kcal 462/ EW 48g/ Fett 10g/ KH 47g','Vollkost'),(559,'Vollkornnudeln mit Schinkenstreifen, Blattspinat und Reibekäse (1,2,4,6,9,13,26) kcal 672 / EW 35g/ Fett 21g/ KH 93g','Vollkost'),(561,'Gräupcheneintopf mit Kohlrabi und Rindfleisch (12,15) kcal 234/ EW 20g/ Fett 6g/ KH 26g','Vollkost'),(562,'Szegediner Gulasch mit  Kartoffeln (13,26,28,29,31) kcal 675/ EW 31g/ Fett 42g/ KH 47g','Vollkost'),(563,'Hähnchenbrust mit Mozzarella überbacken, Couscous und Mediterranes Gemüse (13,26,31) kcal 712/ EW 48g/ Fett 32g/ KH 60g','Vollkost'),(564,'Gebackenes Fichfilet, Kartoffelstampf und Gurkensalat (2,23,26,31) kcal 451/ EW 41g/ Fett 13g/ KH 42g','Vollkost'),(565,'Truthahngeschnetzeltes mit Joghurt-Dip und Gemüse-Vollkornreis(26)  kcal 518/ EW 37g/ Fett 20g/ KH 50g','Vollkost'),(566,'Truthahngeschnetzeltes mit Joghurt-Dip und Gemüse-Vollkornreis (26)  kcal 518/ EW 37g/ Fett 20g/ KH 50g','Vollkost'),(568,'gegrilltes Fischfilet mit Selleriestampf und Möhren-Fenchelsalat (1,2,23,26,28) kcal 376/ EW 36g/ Fett 7g/ KH 44g','Vollkost'),(570,'überbackenes Fischfilet mit Süßkartoffelstampf und Gurkensalat (2,23,26,31) kcal 481/ EW 41g/ Fett 17g/ KH 42g','Vollkost'),(571,'Putengulasch mit Pariser Karotten und Reis  kcal 463/ EW 32g/ Fett 15g/ KH 51g','Vollkost'),(573,'Picatta vom Hähnchen(Parmesanhülle) mit Tomatensauce und Rigatoni(1,2,9,13,22,26)   kcal 881/ EW 38g/   Fett 44g/ KH 86g','Vollkost'),(574,'Hühnerfrikassee mit Kaisergemüse und Kräuterreis (13) kcal 605/ EW 35g/ Fett 20g/ KH 73g','Vollkost'),(575,'gebratenes Fischfilet auf Senfgemüse, Ebly ( 13,23,29) kcal 677/ EW 40g/ Fett 29g/ KH 66g','Vollkost'),(577,'gebratener Fleischkäse mit Zwiebelsauce, Gemüse und Kartoffelstampf (1,2,9,13,29,31) kcal 811/ EW 33g/ Fett 54g/ KH 53g','Vollkost'),(578,'Hähnchenbrust mit Mozzarella überbacken, Basilikumsauce, Couscous und Tomatensalat (13,26,31) kcal 712/ EW 48g/ Fett 32g/ KH 60g','Vollkost'),(579,'gebackene Blumenkohlköpfe  mit holländischer Sauce und Kartoffeln(13,22,26) kcal 808/ EW 32g/ Fett 49g/ KH 63g','Vegetarisch'),(580,'gebratener Fleischkäse mit Zwiebelsauce, Gemüse und Kartoffeln(1,2,9,13,29,31)                                kcal 811/ EW 33g/ Fett 54g/ KH 53g','Vollkost'),(581,'Mexikanischer Bohneneintopf (1,2,9,26,28,29)  kcal 490/ EW 25g/ Fett 35g/ KH 25g','Vollkost'),(583,'Mexikanischer Bohneneintopf mit Chorizo Scharf!! (1,2,9,26,28,29) kcal 490/ EW 25g/ Fett 35g/ KH 25g','Vollkost'),(584,'Falafel mit Joghurt-Minzdip, Blattsalat und Fladenbrot(13,26,29,30,31) kcal 639/ EW 21g/ Fett 21g/ KH 93g','Vegetarisch'),(585,'Gulasch mit Gemüse und Kartoffeln(13,28,29) kcal 644/ EW 28g/ Fett 35g/ KH 20g                                                                    ','Vollkost'),(586,'Gulasch mit Gemüse und Kartoffeln (13,28,29) kcal 644/ EW 28g/ Fett 35g/ KH 20g                                                                    ','Vollkost'),(587,'Dill-Gurkenquark mit Kartoffeln,Kalbsleberwurst,Gewürzgurke und Leinöl  (1,2,6,7,9,26,29,31) kcal 493/ EW 22g/ Fett 27g/ KH 41g','Vollkost'),(588,'Pasta mit Bolognese und Reibekäse  (1,2,13,22,26)                                kcal 872/ EW 31g/ Fett 47g/ KH 84g','Vollkost'),(593,'Langschläfer Brunch mit Burger zum selber Basteln','Vegetarisch'),(594,'Langschläfer  Brunch mit Burger zum selber Basteln','Vollkost'),(596,'Fischfilet mit Tomate und Mozzarella überbacken, Kartoffelstampf und Gurkensalat (2,23,26,31) kcal 451/ EW 41g/  Fett 13g/ KH 42g','Vollkost'),(597,'Buntes Eierfrikassee mit Gemüse und Petersilienkartoffeln (13,22,26,29) kcal 348/ EW 18g/ Fett 13g/ KH 40g','Vegetarisch'),(598,'Bunte Gnocchi Pfanne mit Kürbis und Frischkäsesauce (13,22,26,28,31)kcal 829/ EW 51g/ Fett 35g/ KH 81g','Vegetarisch'),(600,'Rindergeschnetzeltes \"Stroganof\" mit buntem Gemüsereis (1,2,7,29,31) kcal 421/ EW 26g/ Fett 17g/ KH 43g','Vollkost'),(602,'Sellerieschnitzel mit Gemüse, Kartoffeln und Kräutersauce(13,22,26,28)  )  kcal 734/ EW 22g/ Fett 34g/ KH 90g','Vegetarisch'),(606,'Bulette mit Mischgemüse und Kartoffeln (13,22,28,29) kcal 734/ EW 32g/ Fett 39g/ KH 67g','Vollkost'),(608,'Gebackener Fisch mit Sauce Tartar und Kartoffelstampf (13,22,23,26,28,29,31) kcal 793/ EW 27g/ Fett 54g/ KH 51g','Vollkost'),(610,'Asiatische Reispfanne mit Gemüse, Ei und Curry-Kokossauce (13,22,25,28,30)','Vegetarisch'),(611,'Putengulasch mit Rosenkohl und Schupfnudeln (13,29)','Vollkost'),(614,'Vegetarisch gefüllte Paprikaschote mit Zucchinigemüse in Tomatensauce und Kräuterreis (1,2,13,26,28)','Vegetarisch'),(615,'Entenkeule a l\'orange mit Apfelrotkohl und Klößen (7,13,26,28,29,31) kcal 909 / EW 63g/ Fett 51g/ KH 34g','Vollkost'),(617,'Gräupcheneintopf mit Kohlrabi und Rindfleisch(12,15) kcal 234/ EW 20g/ Fett 6g/ KH 26g','Leichte Vollkost'),(619,'Bratwurst mit Sauerkraut und Kartoffeln (1,2,9,13,22,28,29)                                          kcal 867/ EW 38g/ Fett 53g/ KH 63g','Vollkost'),(620,'Leer','Leichte Vollkost'),(622,'Seelachs mit Blattspinatauflage und Kartoffelstampf(4,13,23,26) kcal 424/ EW 42g/ Fett 15g/ KH 31g','Leichte Vollkost'),(623,'Tomatenhackfleischeintopf mit Kartoffelwürfel kcal 335/ EW 21g/ Fett 14g/ KH 32g','Leichte Vollkost');
/*!40000 ALTER TABLE `speisen` ENABLE KEYS */;
UNLOCK TABLES;

--
-- Table structure for table `umfrage`
--

DROP TABLE IF EXISTS `umfrage`;
/*!40101 SET @saved_cs_client     = @@character_set_client */;
/*!50503 SET character_set_client = utf8mb4 */;
CREATE TABLE `umfrage` (
  `umfrage_nr` int NOT NULL AUTO_INCREMENT,
  `beginn` date DEFAULT NULL,
  `ende` date DEFAULT NULL,
  PRIMARY KEY (`umfrage_nr`)
) ENGINE=InnoDB AUTO_INCREMENT=11 DEFAULT CHARSET=utf8mb3;
/*!40101 SET character_set_client = @saved_cs_client */;

--
-- Dumping data for table `umfrage`
--

LOCK TABLES `umfrage` WRITE;
/*!40000 ALTER TABLE `umfrage` DISABLE KEYS */;
/*!40000 ALTER TABLE `umfrage` ENABLE KEYS */;
UNLOCK TABLES;

--
-- Table structure for table `wochenplan`
--

DROP TABLE IF EXISTS `wochenplan`;
/*!40101 SET @saved_cs_client     = @@character_set_client */;
/*!50503 SET character_set_client = utf8mb4 */;
CREATE TABLE `wochenplan` (
  `tag_id` int NOT NULL AUTO_INCREMENT,
  `tag` varchar(255) COLLATE utf8mb4_general_ci NOT NULL,
  `speise_nr` int NOT NULL,
  `datum` date NOT NULL,
  PRIMARY KEY (`tag_id`)
) ENGINE=InnoDB AUTO_INCREMENT=3406 DEFAULT CHARSET=utf8mb4 COLLATE=utf8mb4_general_ci;
/*!40101 SET character_set_client = @saved_cs_client */;

--
-- Dumping data for table `wochenplan`
--

LOCK TABLES `wochenplan` WRITE;
/*!40000 ALTER TABLE `wochenplan` DISABLE KEYS */;
INSERT INTO `wochenplan` VALUES (3389,'Montag',96,'2026-01-12'),(3390,'Montag',345,'2026-01-12'),(3391,'Montag',461,'2026-01-12'),(3392,'Dienstag',406,'2026-01-13'),(3393,'Dienstag',346,'2026-01-13'),(3394,'Dienstag',121,'2026-01-13'),(3395,'Mittwoch',362,'2026-01-14'),(3396,'Mittwoch',533,'2026-01-14'),(3397,'Mittwoch',360,'2026-01-14'),(3398,'Donnerstag',344,'2026-01-15'),(3399,'Donnerstag',536,'2026-01-15'),(3400,'Donnerstag',143,'2026-01-15'),(3401,'Freitag',117,'2026-01-16'),(3402,'Freitag',349,'2026-01-16'),(3403,'Freitag',125,'2026-01-16'),(3404,'Samstag',170,'2026-01-17'),(3405,'Sonntag',102,'2026-01-18');
/*!40000 ALTER TABLE `wochenplan` ENABLE KEYS */;
UNLOCK TABLES;

--
-- Table structure for table `wunschplan`
--

DROP TABLE IF EXISTS `wunschplan`;
/*!40101 SET @saved_cs_client     = @@character_set_client */;
/*!50503 SET character_set_client = utf8mb4 */;
CREATE TABLE `wunschplan` (
  `wtag_id` int NOT NULL AUTO_INCREMENT,
  `tag` varchar(255) COLLATE utf8mb4_general_ci NOT NULL,
  `speise_nr` int NOT NULL,
  `datum` date NOT NULL,
  PRIMARY KEY (`wtag_id`)
) ENGINE=InnoDB AUTO_INCREMENT=3491 DEFAULT CHARSET=utf8mb4 COLLATE=utf8mb4_general_ci;
/*!40101 SET character_set_client = @saved_cs_client */;

--
-- Dumping data for table `wunschplan`
--

LOCK TABLES `wunschplan` WRITE;
/*!40000 ALTER TABLE `wunschplan` DISABLE KEYS */;
INSERT INTO `wunschplan` VALUES (3474,'Montag',440,'2026-01-19'),(3475,'Montag',622,'2026-01-19'),(3476,'Montag',462,'2026-01-19'),(3477,'Dienstag',114,'2026-01-20'),(3478,'Dienstag',433,'2026-01-20'),(3479,'Dienstag',534,'2026-01-20'),(3480,'Mittwoch',508,'2026-01-21'),(3481,'Mittwoch',297,'2026-01-21'),(3482,'Mittwoch',537,'2026-01-21'),(3483,'Donnerstag',530,'2026-01-22'),(3484,'Donnerstag',329,'2026-01-22'),(3485,'Donnerstag',539,'2026-01-22'),(3486,'Freitag',169,'2026-01-23'),(3487,'Freitag',623,'2026-01-23'),(3488,'Freitag',172,'2026-01-23'),(3489,'Samstag',118,'2026-01-24'),(3490,'Sonntag',362,'2026-01-25');
/*!40000 ALTER TABLE `wunschplan` ENABLE KEYS */;
UNLOCK TABLES;

--
-- Table structure for table `wunschspeisen`
--

DROP TABLE IF EXISTS `wunschspeisen`;
/*!40101 SET @saved_cs_client     = @@character_set_client */;
/*!50503 SET character_set_client = utf8mb4 */;
CREATE TABLE `wunschspeisen` (
  `wunschspeise_nr` int NOT NULL AUTO_INCREMENT,
  `wunschspeise_art` varchar(255) COLLATE utf8mb4_unicode_ci NOT NULL,
  `wunschspeise_kategorie` varchar(255) COLLATE utf8mb4_unicode_ci NOT NULL,
  `wunschspeise_name` varchar(255) COLLATE utf8mb4_unicode_ci NOT NULL,
  `wunschspeise_anzahl` int NOT NULL,
  PRIMARY KEY (`wunschspeise_nr`)
) ENGINE=InnoDB AUTO_INCREMENT=173 DEFAULT CHARSET=utf8mb4 COLLATE=utf8mb4_unicode_ci;
/*!40101 SET character_set_client = @saved_cs_client */;

--
-- Dumping data for table `wunschspeisen`
--

LOCK TABLES `wunschspeisen` WRITE;
/*!40000 ALTER TABLE `wunschspeisen` DISABLE KEYS */;
/*!40000 ALTER TABLE `wunschspeisen` ENABLE KEYS */;
UNLOCK TABLES;

--
-- Table structure for table `zusatzstoffe`
--

DROP TABLE IF EXISTS `zusatzstoffe`;
/*!40101 SET @saved_cs_client     = @@character_set_client */;
/*!50503 SET character_set_client = utf8mb4 */;
CREATE TABLE `zusatzstoffe` (
  `zusatzstoff_nr` int NOT NULL,
  `bezeichnung` char(255) COLLATE utf8mb4_general_ci NOT NULL,
  PRIMARY KEY (`zusatzstoff_nr`)
) ENGINE=InnoDB DEFAULT CHARSET=utf8mb4 COLLATE=utf8mb4_general_ci;
/*!40101 SET character_set_client = @saved_cs_client */;

--
-- Dumping data for table `zusatzstoffe`
--

LOCK TABLES `zusatzstoffe` WRITE;
/*!40000 ALTER TABLE `zusatzstoffe` DISABLE KEYS */;
INSERT INTO `zusatzstoffe` VALUES (1,'Antioxidationsmittel'),(2,'Konservierungsstoffe'),(3,'geschwefelt'),(4,'Farbstoff'),(5,'gewachst'),(6,'Geschmacksverstaerker'),(7,'Suessungsmittel'),(8,'Phenylalanin'),(9,'Phosphat'),(10,'geschwaerzt'),(11,'Alkohol'),(12,'glutenhaltiges Getreide'),(13,'Weizen'),(14,'Roggen'),(15,'Gerste'),(16,'Hafer'),(17,'Dinkel'),(18,'Kamut'),(22,'Eierprodukte'),(23,'Fisch und Erzeugnisse'),(24,'Erdnuesse und Erzeugnisse'),(25,'Soja und Erzeugnisse'),(26,'Milch und Erzeugnisse'),(28,'Sellerie und Erzeugnisse'),(29,'Senf und Erzeugnisse'),(30,'Sesamsamen und Erzeugnisse'),(31,'Schwefeldioxid >10 mg/kg'),(32,'Lupine und Erzeugnisse'),(33,'Weichtiere und Erzeugnisse'),(34,'Krebstiere und Erzeugnisse'),(40,'Schalenfruechte'),(41,'Mandeln'),(42,'Haselnuesse'),(43,'Walnuesse'),(44,'Cashewnuesse'),(45,'Pecanuesse'),(46,'Paranuesse'),(47,'Pistazien'),(48,'Macadaminuesse'),(49,'Queenslandnuesse');
/*!40000 ALTER TABLE `zusatzstoffe` ENABLE KEYS */;
UNLOCK TABLES;

--
-- Dumping events for database 'mensa'
--

--
-- Dumping routines for database 'mensa'
--
/*!40103 SET TIME_ZONE=@OLD_TIME_ZONE */;

/*!40101 SET SQL_MODE=@OLD_SQL_MODE */;
/*!40014 SET FOREIGN_KEY_CHECKS=@OLD_FOREIGN_KEY_CHECKS */;
/*!40014 SET UNIQUE_CHECKS=@OLD_UNIQUE_CHECKS */;
/*!40101 SET CHARACTER_SET_CLIENT=@OLD_CHARACTER_SET_CLIENT */;
/*!40101 SET CHARACTER_SET_RESULTS=@OLD_CHARACTER_SET_RESULTS */;
/*!40101 SET COLLATION_CONNECTION=@OLD_COLLATION_CONNECTION */;
/*!40111 SET SQL_NOTES=@OLD_SQL_NOTES */;

-- Dump completed on 2026-01-14  9:50:39
